"rid";"_categories_rid";"_parent_rid";"level"
11339;161;87;1
11340;161;122;2
11341;169;87;1
11342;169;1152;2
11343;170;87;1
11344;170;127;2
11345;171;87;1
11346;171;127;2
11347;172;87;1
11348;172;127;2
11349;173;87;1
11350;173;127;2
11351;174;87;1
11352;174;127;2
11353;179;87;1
11354;179;1152;2
11355;180;87;1
11356;180;123;2
11357;181;87;1
11358;181;123;2
11359;183;87;1
11360;183;123;2
11361;184;87;1
11362;184;123;2
11363;185;87;1
11364;185;123;2
11365;186;87;1
11366;186;123;2
11367;187;87;1
11368;187;123;2
11369;188;87;1
11370;188;123;2
11371;189;87;1
11372;189;123;2
11373;190;87;1
11374;190;123;2
11375;191;87;1
11376;191;123;2
11377;192;87;1
11378;192;123;2
11379;193;87;1
11380;193;123;2
11381;194;87;1
11382;194;123;2
11383;195;87;1
11384;195;123;2
11385;196;87;1
11386;196;123;2
11387;197;87;1
11388;197;123;2
11389;198;87;1
11390;198;123;2
11391;199;87;1
11392;199;123;2
11393;200;106;1
11394;201;106;1
11395;202;106;1
11396;203;106;1
11397;204;106;1
11398;205;106;1
11399;206;106;1
11400;207;106;1
11401;208;106;1
11402;209;106;1
11403;210;106;1
11404;211;106;1
11405;212;106;1
11406;213;106;1
11407;214;106;1
11408;215;106;1
11409;216;106;1
11410;217;106;1
11411;218;106;1
11412;219;106;1
11413;220;106;1
11414;221;106;1
11415;222;106;1
11416;223;106;1
11417;223;205;2
11418;224;106;1
11419;224;205;2
11420;225;106;1
11421;225;205;2
11422;226;106;1
11423;226;205;2
11424;227;106;1
11425;227;205;2
11426;228;106;1
11427;228;205;2
11428;229;106;1
11429;229;205;2
11430;230;106;1
11431;230;205;2
11432;231;106;1
11433;231;205;2
11434;232;106;1
11435;232;205;2
11436;233;106;1
11437;233;205;2
11438;234;106;1
11439;234;205;2
11440;235;106;1
11441;235;205;2
11442;236;106;1
11443;236;205;2
11444;237;106;1
11445;237;205;2
11446;238;106;1
11447;238;205;2
11448;239;106;1
11449;239;212;2
11450;240;106;1
11451;240;212;2
11452;241;106;1
11453;241;212;2
11454;242;106;1
11455;242;212;2
11456;243;106;1
11457;243;212;2
11458;244;106;1
11459;244;212;2
11460;245;106;1
11461;245;212;2
11462;246;106;1
11463;246;212;2
11464;247;106;1
11465;247;212;2
11466;248;106;1
11467;248;212;2
11468;249;106;1
11469;249;212;2
11470;250;106;1
11471;250;212;2
11472;251;106;1
11473;251;212;2
11474;252;106;1
11475;252;214;2
11476;253;106;1
11477;253;214;2
11478;254;106;1
11479;254;214;2
11480;255;106;1
11481;255;214;2
11482;256;106;1
11483;256;214;2
11484;257;106;1
11485;257;214;2
11486;258;106;1
11487;258;214;2
11488;259;106;1
11489;259;214;2
11490;260;106;1
11491;260;214;2
11492;261;106;1
11493;261;214;2
11494;262;106;1
11495;262;214;2
11496;263;106;1
11497;263;214;2
11498;264;106;1
11499;264;207;2
11500;265;106;1
11501;265;207;2
11502;266;106;1
11503;266;207;2
11504;267;106;1
11505;267;207;2
11506;268;106;1
11507;268;207;2
11508;269;106;1
11509;269;207;2
11510;270;106;1
11511;270;207;2
11512;271;106;1
11513;271;207;2
11514;272;106;1
11515;272;207;2
11516;273;106;1
11517;273;207;2
11518;274;106;1
11519;274;207;2
11520;275;106;1
11521;275;207;2
11522;276;106;1
11523;276;207;2
11524;277;106;1
11525;277;207;2
11526;278;106;1
11527;278;208;2
11528;279;106;1
11529;279;208;2
11530;280;106;1
11531;280;208;2
11532;281;106;1
11533;281;209;2
11534;282;106;1
11535;282;209;2
11536;283;106;1
11537;283;209;2
11538;284;106;1
11539;284;209;2
11540;285;106;1
11541;285;209;2
11542;286;106;1
11543;286;219;2
11544;287;106;1
11545;287;219;2
11546;288;106;1
11547;288;219;2
11548;289;106;1
11549;289;219;2
11550;290;106;1
11551;290;219;2
11552;291;106;1
11553;291;219;2
11554;292;106;1
11555;292;219;2
11556;293;106;1
11557;293;219;2
11558;294;106;1
11559;294;219;2
11560;295;106;1
11561;295;219;2
11562;296;106;1
11563;296;219;2
11564;297;106;1
11565;297;219;2
11566;298;106;1
11567;298;219;2
11568;299;106;1
11569;299;219;2
11570;300;106;1
11571;300;219;2
11572;301;106;1
11573;301;219;2
11574;302;106;1
11575;302;219;2
11576;303;106;1
11577;303;219;2
11578;304;106;1
11579;304;219;2
11580;305;106;1
11581;305;220;2
11582;306;106;1
11583;306;220;2
11584;307;106;1
11585;307;220;2
11586;308;106;1
11587;308;220;2
11588;309;106;1
11589;309;220;2
11590;310;106;1
11591;310;220;2
11592;311;106;1
11593;311;220;2
11594;312;106;1
11595;312;220;2
11596;313;106;1
11597;313;220;2
11598;314;106;1
11599;314;220;2
11600;315;106;1
11601;315;220;2
11602;316;100;1
11603;317;100;1
11604;318;100;1
11605;319;100;1
11606;320;100;1
11607;321;100;1
11608;322;100;1
11609;323;100;1
11610;324;100;1
11611;325;100;1
11612;326;100;1
11613;327;100;1
11614;328;100;1
11615;329;100;1
11616;330;100;1
11617;330;316;2
11618;331;100;1
11619;331;316;2
11620;332;100;1
11621;332;316;2
11622;333;100;1
11623;333;316;2
11624;334;100;1
11625;334;316;2
11626;335;100;1
11627;335;316;2
11628;336;100;1
11629;336;316;2
11630;337;100;1
11631;337;316;2
11632;338;100;1
11633;338;316;2
11634;339;100;1
11635;339;316;2
11636;340;100;1
11637;340;324;2
11638;341;100;1
11639;341;324;2
11640;342;100;1
11641;342;324;2
11642;343;100;1
11643;343;324;2
11644;344;100;1
11645;344;324;2
11646;345;100;1
11647;345;320;2
11648;346;100;1
11649;346;320;2
11650;347;100;1
11651;347;320;2
11652;348;100;1
11653;348;320;2
11654;349;100;1
11655;349;320;2
11656;350;100;1
11657;350;320;2
11658;351;100;1
11659;351;320;2
11660;352;100;1
11661;352;320;2
11662;353;100;1
11663;353;320;2
11664;354;100;1
11665;354;320;2
11666;355;100;1
11667;355;320;2
11668;356;100;1
11669;356;320;2
11670;357;100;1
11671;357;320;2
11672;358;100;1
11673;358;320;2
11674;359;100;1
11675;359;320;2
11676;360;100;1
11677;360;320;2
11678;361;100;1
11679;361;320;2
11680;362;100;1
11681;362;320;2
11682;362;351;3
11683;363;100;1
11684;363;320;2
11685;363;351;3
11686;364;100;1
11687;364;320;2
11688;364;351;3
11689;365;100;1
11690;365;320;2
11691;365;351;3
11692;366;100;1
11693;366;320;2
11694;366;351;3
11695;367;100;1
11696;367;320;2
11697;367;351;3
11698;368;100;1
11699;368;320;2
11700;368;351;3
11701;369;100;1
11702;369;320;2
11703;369;351;3
11704;370;100;1
11705;370;323;2
11706;371;100;1
11707;371;323;2
11708;372;100;1
11709;372;323;2
11710;373;100;1
11711;373;323;2
11712;374;100;1
11713;374;323;2
11714;375;100;1
11715;375;323;2
11716;376;100;1
11717;376;323;2
11718;377;100;1
11719;377;323;2
11720;378;104;1
11721;379;104;1
11722;380;104;1
11723;381;104;1
11724;382;104;1
11725;384;104;1
11726;384;378;2
11727;386;104;1
11728;386;378;2
11729;388;104;1
11730;388;378;2
11731;389;104;1
11732;389;378;2
11733;392;104;1
11734;392;378;2
11735;393;104;1
11736;393;378;2
11737;394;104;1
11738;394;378;2
11739;395;104;1
11740;395;378;2
11741;397;104;1
11742;397;378;2
11743;397;384;3
11744;398;104;1
11745;398;378;2
11746;398;384;3
11747;399;104;1
11748;399;378;2
11749;399;384;3
11750;400;104;1
11751;400;378;2
11752;400;384;3
11753;401;104;1
11754;401;378;2
11755;401;384;3
11756;402;104;1
11757;402;378;2
11758;402;384;3
11759;403;104;1
11760;403;378;2
11761;403;384;3
11762;404;104;1
11763;404;378;2
11764;404;384;3
11765;405;104;1
11766;405;378;2
11767;405;384;3
11768;406;104;1
11769;406;378;2
11770;406;386;3
11771;407;104;1
11772;407;378;2
11773;407;386;3
11774;408;104;1
11775;408;378;2
11776;408;393;3
11777;409;104;1
11778;409;378;2
11779;409;393;3
11780;410;104;1
11781;410;378;2
11782;410;393;3
11783;411;104;1
11784;411;378;2
11785;411;393;3
11786;412;104;1
11787;412;378;2
11788;412;393;3
11789;413;104;1
11790;413;378;2
11791;413;393;3
11792;414;104;1
11793;414;378;2
11794;414;393;3
11795;415;104;1
11796;415;380;2
11797;416;104;1
11798;416;380;2
11799;417;104;1
11800;417;380;2
11801;418;104;1
11802;418;380;2
11803;419;104;1
11804;419;380;2
11805;420;104;1
11806;420;380;2
11807;422;104;1
11808;422;382;2
11809;423;104;1
11810;423;382;2
11811;424;104;1
11812;424;382;2
11813;425;104;1
11814;425;382;2
11815;426;104;1
11816;426;382;2
11817;427;104;1
11818;427;382;2
11819;428;104;1
11820;428;382;2
11821;429;104;1
11822;429;382;2
11823;430;104;1
11824;430;382;2
11825;431;104;1
11826;431;382;2
11827;432;104;1
11828;432;382;2
11829;433;104;1
11830;433;382;2
11831;434;104;1
11832;434;382;2
11833;435;114;1
11834;436;114;1
11835;437;114;1
11836;438;114;1
11837;439;114;1
11838;440;114;1
11839;441;114;1
11840;442;114;1
11841;443;114;1
11842;444;114;1
11843;445;114;1
11844;446;114;1
11845;447;114;1
11846;448;114;1
11847;449;114;1
11848;450;114;1
11849;451;114;1
11850;452;114;1
11851;453;114;1
11852;454;114;1
11853;455;114;1
11854;456;114;1
11855;457;114;1
11856;458;114;1
11857;458;435;2
11858;459;114;1
11859;459;435;2
11860;460;114;1
11861;460;435;2
11862;461;114;1
11863;461;435;2
11864;462;114;1
11865;462;435;2
11866;463;114;1
11867;463;435;2
11868;464;114;1
11869;464;435;2
11870;465;114;1
11871;465;435;2
11872;466;114;1
11873;466;435;2
11874;467;114;1
11875;467;435;2
11876;468;114;1
11877;468;435;2
11878;469;114;1
11879;469;435;2
11880;470;114;1
11881;470;435;2
11882;471;114;1
11883;471;435;2
11884;472;114;1
11885;472;435;2
11886;473;114;1
11887;473;435;2
11888;474;114;1
11889;474;437;2
11890;475;114;1
11891;475;437;2
11892;476;114;1
11893;476;437;2
11894;477;114;1
11895;477;437;2
11896;478;114;1
11897;478;437;2
11898;479;114;1
11899;479;437;2
11900;480;114;1
11901;480;438;2
11902;481;114;1
11903;481;438;2
11904;482;114;1
11905;482;440;2
11906;483;114;1
11907;483;440;2
11908;484;114;1
11909;484;440;2
11910;485;114;1
11911;485;442;2
11912;486;114;1
11913;486;442;2
11914;487;114;1
11915;487;443;2
11916;488;114;1
11917;488;443;2
11918;489;114;1
11919;489;443;2
11920;490;114;1
11921;490;443;2
11922;491;114;1
11923;491;443;2
11924;492;114;1
11925;492;443;2
11926;493;114;1
11927;493;443;2
11928;494;114;1
11929;494;443;2
11930;495;114;1
11931;495;445;2
11932;496;114;1
11933;496;445;2
11934;497;114;1
11935;497;445;2
11936;498;114;1
11937;498;445;2
11938;499;114;1
11939;499;445;2
11940;500;114;1
11941;500;445;2
11942;501;114;1
11943;501;445;2
11944;502;114;1
11945;502;445;2
11946;503;114;1
11947;503;445;2
11948;504;114;1
11949;504;445;2
11950;505;114;1
11951;505;445;2
11952;506;114;1
11953;506;445;2
11954;506;495;3
11955;507;114;1
11956;507;445;2
11957;507;496;3
11958;508;114;1
11959;508;445;2
11960;508;496;3
11961;509;114;1
11962;509;447;2
11963;510;114;1
11964;510;447;2
11965;511;114;1
11966;511;447;2
11967;512;114;1
11968;512;447;2
11969;513;114;1
11970;513;447;2
11971;514;114;1
11972;514;447;2
11973;515;114;1
11974;515;448;2
11975;516;114;1
11976;516;448;2
11977;517;114;1
11978;517;449;2
11979;518;114;1
11980;518;449;2
11981;519;114;1
11982;519;450;2
11983;520;114;1
11984;520;450;2
11985;521;114;1
11986;521;450;2
11987;522;114;1
11988;522;450;2
11989;523;114;1
11990;523;450;2
11991;524;114;1
11992;524;450;2
11993;525;114;1
11994;525;450;2
11995;526;114;1
11996;526;450;2
11997;527;114;1
11998;527;450;2
11999;528;114;1
12000;528;450;2
12001;529;114;1
12002;529;450;2
12003;530;114;1
12004;530;450;2
12005;531;114;1
12006;531;450;2
12007;532;114;1
12008;532;451;2
12009;533;114;1
12010;533;451;2
12011;534;114;1
12012;534;451;2
12013;535;114;1
12014;535;451;2
12015;536;114;1
12016;536;451;2
12017;537;114;1
12018;537;451;2
12019;538;114;1
12020;538;451;2
12021;539;114;1
12022;539;451;2
12023;540;114;1
12024;540;451;2
12025;541;114;1
12026;541;451;2
12027;542;114;1
12028;542;451;2
12029;543;114;1
12030;543;452;2
12031;544;114;1
12032;544;452;2
12033;545;114;1
12034;545;452;2
12035;546;114;1
12036;546;452;2
12037;547;114;1
12038;547;452;2
12039;548;114;1
12040;548;453;2
12041;549;114;1
12042;549;454;2
12043;550;114;1
12044;550;454;2
12045;551;114;1
12046;551;455;2
12047;552;114;1
12048;552;455;2
12049;553;114;1
12050;553;456;2
12051;554;114;1
12052;554;456;2
12053;555;114;1
12054;555;456;2
12055;556;114;1
12056;556;456;2
12057;557;114;1
12058;557;456;2
12059;558;114;1
12060;558;456;2
12061;559;114;1
12062;559;456;2
12063;560;114;1
12064;560;457;2
12065;561;101;1
12066;562;101;1
12067;563;101;1
12068;564;101;1
12069;565;101;1
12070;566;101;1
12071;567;101;1
12072;568;101;1
12073;569;101;1
12074;570;101;1
12075;571;101;1
12076;572;101;1
12077;573;101;1
12078;573;567;2
12079;574;101;1
12080;574;567;2
12081;575;101;1
12082;575;567;2
12083;576;101;1
12084;576;567;2
12085;577;101;1
12086;577;567;2
12087;578;101;1
12088;578;567;2
12089;579;101;1
12090;579;567;2
12091;580;101;1
12092;580;567;2
12093;581;101;1
12094;581;567;2
12095;582;101;1
12096;582;567;2
12097;583;101;1
12098;583;570;2
12099;584;101;1
12100;584;570;2
12101;585;99;1
12102;586;99;1
12103;587;99;1
12104;588;99;1
12105;589;99;1
12106;589;585;2
12107;590;99;1
12108;590;585;2
12109;591;99;1
12110;591;585;2
12111;592;99;1
12112;592;585;2
12113;593;99;1
12114;593;585;2
12115;594;99;1
12116;594;585;2
12117;595;99;1
12118;595;585;2
12119;596;99;1
12120;596;585;2
12121;597;99;1
12122;597;585;2
12123;598;99;1
12124;598;585;2
12125;599;99;1
12126;599;585;2
12127;600;99;1
12128;600;585;2
12129;600;592;3
12130;601;99;1
12131;601;585;2
12132;601;592;3
12133;602;99;1
12134;602;585;2
12135;602;592;3
12136;603;99;1
12137;603;585;2
12138;603;592;3
12139;604;99;1
12140;604;585;2
12141;604;592;3
12142;605;99;1
12143;605;586;2
12144;606;99;1
12145;606;586;2
12146;607;99;1
12147;607;586;2
12148;608;99;1
12149;608;586;2
12150;609;99;1
12151;609;586;2
12152;610;99;1
12153;610;586;2
12154;611;99;1
12155;611;586;2
12156;612;99;1
12157;612;586;2
12158;613;99;1
12159;613;586;2
12160;614;99;1
12161;614;586;2
12162;615;99;1
12163;615;586;2
12164;616;99;1
12165;616;586;2
12166;617;99;1
12167;617;586;2
12168;618;99;1
12169;618;586;2
12170;619;99;1
12171;619;586;2
12172;620;99;1
12173;620;586;2
12174;621;99;1
12175;621;586;2
12176;622;99;1
12177;622;586;2
12178;623;99;1
12179;623;586;2
12180;624;99;1
12181;624;586;2
12182;625;99;1
12183;625;586;2
12184;626;99;1
12185;626;586;2
12186;627;99;1
12187;627;586;2
12188;628;99;1
12189;628;586;2
12190;629;99;1
12191;629;586;2
12192;630;99;1
12193;630;586;2
12194;631;99;1
12195;631;586;2
12196;632;99;1
12197;632;586;2
12198;633;99;1
12199;633;586;2
12200;634;99;1
12201;634;587;2
12202;635;99;1
12203;635;587;2
12204;636;99;1
12205;636;587;2
12206;637;99;1
12207;637;587;2
12208;638;99;1
12209;638;587;2
12210;639;99;1
12211;639;587;2
12212;640;99;1
12213;640;587;2
12214;641;99;1
12215;641;587;2
12216;642;99;1
12217;642;587;2
12218;643;99;1
12219;643;587;2
12220;644;99;1
12221;644;587;2
12222;645;99;1
12223;645;588;2
12224;646;99;1
12225;646;588;2
12226;647;99;1
12227;647;588;2
12228;648;99;1
12229;648;588;2
12230;649;99;1
12231;649;588;2
12232;650;99;1
12233;650;588;2
12234;651;99;1
12235;651;588;2
12236;652;110;1
12237;653;110;1
12238;654;110;1
12239;655;110;1
12240;656;110;1
12241;657;110;1
12242;658;110;1
12243;659;110;1
12244;659;652;2
12245;660;110;1
12246;660;652;2
12247;661;110;1
12248;661;652;2
12249;662;110;1
12250;662;652;2
12251;663;110;1
12252;663;652;2
12253;664;110;1
12254;664;652;2
12255;665;110;1
12256;665;652;2
12257;666;110;1
12258;666;652;2
12259;667;110;1
12260;667;652;2
12261;668;110;1
12262;668;652;2
12263;669;110;1
12264;669;652;2
12265;670;110;1
12266;670;655;2
12267;671;110;1
12268;671;655;2
12269;672;110;1
12270;672;655;2
12271;673;110;1
12272;673;655;2
12273;674;110;1
12274;674;655;2
12275;675;110;1
12276;675;655;2
12277;676;110;1
12278;676;655;2
12279;677;110;1
12280;677;655;2
12281;678;110;1
12282;678;655;2
12283;679;110;1
12284;679;655;2
12285;680;110;1
12286;680;655;2
12287;681;110;1
12288;681;655;2
12289;682;110;1
12290;682;655;2
12291;683;110;1
12292;683;655;2
12293;684;110;1
12294;684;655;2
12295;685;110;1
12296;685;655;2
12297;686;110;1
12298;686;655;2
12299;687;110;1
12300;687;655;2
12301;688;110;1
12302;688;655;2
12303;689;110;1
12304;689;655;2
12305;690;110;1
12306;690;655;2
12307;691;110;1
12308;691;656;2
12309;692;110;1
12310;692;656;2
12311;693;110;1
12312;693;656;2
12313;694;110;1
12314;694;656;2
12315;695;110;1
12316;695;656;2
12317;696;110;1
12318;696;656;2
12319;697;110;1
12320;697;653;2
12321;698;110;1
12322;698;653;2
12323;699;110;1
12324;699;653;2
12325;700;110;1
12326;700;653;2
12327;701;110;1
12328;701;653;2
12329;702;110;1
12330;702;653;2
12331;702;697;3
12332;703;110;1
12333;703;653;2
12334;703;697;3
12335;704;110;1
12336;704;653;2
12337;704;697;3
12338;705;110;1
12339;705;657;2
12340;706;110;1
12341;706;658;2
12342;707;110;1
12343;707;658;2
12344;708;113;1
12345;709;113;1
12346;710;113;1
12347;711;113;1
12348;712;113;1
12349;713;113;1
12350;714;113;1
12351;715;113;1
12352;716;113;1
12353;717;113;1
12354;718;113;1
12355;719;113;1
12356;720;113;1
12357;721;113;1
12358;722;113;1
12359;723;113;1
12360;724;113;1
12361;725;113;1
12362;726;113;1
12363;727;113;1
12364;728;113;1
12365;729;113;1
12366;730;113;1
12367;731;113;1
12368;732;113;1
12369;733;113;1
12370;734;113;1
12371;735;113;1
12372;736;113;1
12373;737;113;1
12374;738;113;1
12375;739;113;1
12376;740;113;1
12377;741;113;1
12378;742;113;1
12379;743;113;1
12380;744;113;1
12381;745;113;1
12382;746;113;1
12383;746;708;2
12384;747;113;1
12385;747;708;2
12386;748;113;1
12387;748;711;2
12388;749;113;1
12389;749;711;2
12390;750;113;1
12391;750;711;2
12392;751;113;1
12393;751;711;2
12394;751;749;3
12395;752;113;1
12396;752;712;2
12397;753;113;1
12398;753;712;2
12399;754;113;1
12400;754;712;2
12401;755;113;1
12402;755;717;2
12403;756;113;1
12404;756;717;2
12405;757;113;1
12406;757;717;2
12407;758;113;1
12408;758;717;2
12409;759;113;1
12410;759;718;2
12411;760;113;1
12412;760;718;2
12413;761;113;1
12414;761;719;2
12415;762;113;1
12416;762;719;2
12417;763;113;1
12418;763;719;2
12419;764;113;1
12420;764;719;2
12421;764;761;3
12422;765;113;1
12423;765;719;2
12424;765;761;3
12425;766;113;1
12426;766;719;2
12427;766;761;3
12428;767;113;1
12429;767;719;2
12430;767;761;3
12431;768;113;1
12432;768;722;2
12433;769;113;1
12434;769;722;2
12435;770;113;1
12436;770;722;2
12437;771;113;1
12438;771;722;2
12439;772;113;1
12440;772;722;2
12441;773;113;1
12442;773;722;2
12443;774;113;1
12444;774;727;2
12445;775;113;1
12446;775;727;2
12447;776;113;1
12448;776;709;2
12449;777;113;1
12450;777;709;2
12451;778;113;1
12452;778;729;2
12453;779;113;1
12454;779;729;2
12455;780;113;1
12456;780;729;2
12457;781;113;1
12458;781;729;2
12459;782;113;1
12460;782;730;2
12461;783;113;1
12462;783;730;2
12463;784;113;1
12464;784;730;2
12465;785;113;1
12466;785;730;2
12467;786;113;1
12468;786;730;2
12469;787;113;1
12470;787;730;2
12471;788;113;1
12472;788;730;2
12473;789;113;1
12474;789;730;2
12475;790;113;1
12476;790;730;2
12477;791;113;1
12478;791;731;2
12479;792;113;1
12480;792;732;2
12481;793;113;1
12482;793;732;2
12483;794;113;1
12484;794;732;2
12485;795;113;1
12486;795;732;2
12487;796;113;1
12488;796;732;2
12489;797;113;1
12490;797;732;2
12491;798;113;1
12492;798;733;2
12493;799;113;1
12494;799;733;2
12495;800;113;1
12496;800;736;2
12497;801;113;1
12498;801;736;2
12499;802;113;1
12500;802;736;2
12501;803;113;1
12502;803;737;2
12503;804;113;1
12504;804;738;2
12505;805;113;1
12506;805;738;2
12507;806;113;1
12508;806;738;2
12509;807;113;1
12510;807;738;2
12511;808;113;1
12512;808;741;2
12513;809;113;1
12514;809;741;2
12515;810;113;1
12516;810;741;2
12517;811;113;1
12518;811;741;2
12519;812;113;1
12520;812;741;2
12521;813;113;1
12522;813;741;2
12523;814;113;1
12524;814;741;2
12525;815;113;1
12526;815;742;2
12527;816;113;1
12528;816;742;2
12529;817;113;1
12530;817;742;2
12531;818;113;1
12532;818;742;2
12533;819;113;1
12534;819;742;2
12535;820;113;1
12536;820;745;2
12537;821;103;1
12538;822;103;1
12539;823;103;1
12540;824;103;1
12541;825;103;1
12542;826;103;1
12543;827;103;1
12544;828;103;1
12545;829;103;1
12546;830;103;1
12547;831;103;1
12548;832;103;1
12549;833;103;1
12550;834;103;1
12551;835;103;1
12552;835;821;2
12553;836;103;1
12554;836;821;2
12555;837;103;1
12556;837;821;2
12557;838;103;1
12558;838;821;2
12559;839;103;1
12560;839;821;2
12561;840;103;1
12562;840;821;2
12563;841;103;1
12564;841;821;2
12565;842;103;1
12566;842;821;2
12567;843;103;1
12568;843;821;2
12569;844;103;1
12570;844;821;2
12571;845;103;1
12572;845;821;2
12573;846;103;1
12574;846;821;2
12575;847;103;1
12576;847;825;2
12577;848;103;1
12578;848;825;2
12579;849;103;1
12580;849;825;2
12581;850;103;1
12582;850;825;2
12583;851;103;1
12584;851;825;2
12585;852;103;1
12586;852;825;2
12587;853;103;1
12588;853;827;2
12589;854;103;1
12590;854;827;2
12591;855;103;1
12592;855;827;2
12593;856;103;1
12594;856;827;2
12595;857;103;1
12596;857;827;2
12597;858;103;1
12598;858;827;2
12599;859;103;1
12600;859;827;2
12601;859;857;3
12602;860;103;1
12603;860;827;2
12604;860;857;3
12605;861;103;1
12606;861;827;2
12607;861;857;3
12608;862;103;1
12609;862;827;2
12610;862;857;3
12611;863;103;1
12612;863;827;2
12613;863;857;3
12614;864;103;1
12615;864;828;2
12616;865;103;1
12617;865;828;2
12618;866;103;1
12619;866;828;2
12620;867;103;1
12621;867;828;2
12622;868;103;1
12623;868;828;2
12624;869;103;1
12625;869;828;2
12626;870;103;1
12627;870;828;2
12628;871;103;1
12629;871;828;2
12630;872;103;1
12631;872;828;2
12632;873;103;1
12633;873;828;2
12634;874;103;1
12635;874;828;2
12636;875;103;1
12637;875;828;2
12638;876;103;1
12639;876;828;2
12640;877;103;1
12641;877;829;2
12642;878;103;1
12643;878;829;2
12644;879;103;1
12645;879;829;2
12646;880;103;1
12647;880;829;2
12648;881;103;1
12649;881;829;2
12650;882;103;1
12651;882;829;2
12652;883;103;1
12653;883;829;2
12654;884;103;1
12655;884;829;2
12656;885;103;1
12657;885;829;2
12658;886;103;1
12659;886;829;2
12660;887;103;1
12661;887;829;2
12662;888;103;1
12663;888;829;2
12664;889;103;1
12665;889;829;2
12666;890;103;1
12667;890;829;2
12668;890;886;3
12669;891;103;1
12670;891;829;2
12671;891;886;3
12672;892;103;1
12673;892;829;2
12674;892;886;3
12675;893;103;1
12676;893;829;2
12677;893;886;3
12678;894;103;1
12679;894;829;2
12680;894;886;3
12681;895;103;1
12682;895;831;2
12683;896;103;1
12684;896;831;2
12685;897;103;1
12686;897;831;2
12687;898;103;1
12688;898;831;2
12689;899;103;1
12690;899;831;2
12691;900;103;1
12692;900;832;2
12693;901;103;1
12694;901;832;2
12695;902;103;1
12696;902;832;2
12697;903;103;1
12698;903;832;2
12699;904;103;1
12700;904;832;2
12701;905;103;1
12702;905;833;2
12703;906;103;1
12704;906;833;2
12705;907;103;1
12706;907;833;2
12707;911;102;1
12708;912;102;1
12709;913;102;1
12710;914;102;1
12711;915;102;1
12712;916;102;1
12713;917;102;1
12714;917;911;2
12715;918;102;1
12716;918;911;2
12717;919;102;1
12718;919;911;2
12719;920;102;1
12720;920;911;2
12721;921;102;1
12722;921;911;2
12723;922;102;1
12724;922;911;2
12725;923;102;1
12726;923;911;2
12727;924;102;1
12728;924;911;2
12729;925;102;1
12730;925;911;2
12731;926;102;1
12732;926;911;2
12733;927;102;1
12734;927;911;2
12735;928;102;1
12736;928;911;2
12737;930;102;1
12738;930;913;2
12739;931;102;1
12740;931;913;2
12741;932;102;1
12742;932;913;2
12743;933;102;1
12744;933;913;2
12745;934;102;1
12746;934;914;2
12747;935;102;1
12748;935;914;2
12749;936;102;1
12750;936;914;2
12751;937;102;1
12752;937;914;2
12753;938;102;1
12754;938;914;2
12755;939;102;1
12756;939;914;2
12757;940;102;1
12758;940;914;2
12759;941;102;1
12760;941;914;2
12761;943;102;1
12762;943;915;2
12763;944;102;1
12764;944;915;2
12765;945;102;1
12766;945;915;2
12767;946;102;1
12768;946;915;2
12769;947;102;1
12770;947;915;2
12771;948;108;1
12772;949;108;1
12773;950;108;1
12774;950;948;2
12775;951;108;1
12776;951;948;2
12777;952;108;1
12778;952;948;2
12779;953;108;1
12780;953;948;2
12781;954;108;1
12782;954;948;2
12783;955;108;1
12784;955;948;2
12785;956;108;1
12786;956;948;2
12787;957;108;1
12788;957;948;2
12789;958;108;1
12790;958;948;2
12791;959;108;1
12792;959;948;2
12793;960;108;1
12794;960;948;2
12795;961;108;1
12796;961;948;2
12797;962;108;1
12798;962;948;2
12799;963;108;1
12800;963;948;2
12801;964;108;1
12802;964;948;2
12803;965;108;1
12804;965;948;2
12805;966;108;1
12806;966;948;2
12807;967;108;1
12808;967;948;2
12809;968;108;1
12810;968;948;2
12811;969;108;1
12812;969;948;2
12813;970;108;1
12814;970;948;2
12815;971;108;1
12816;971;948;2
12817;972;108;1
12818;972;949;2
12819;973;108;1
12820;973;949;2
12821;974;108;1
12822;974;949;2
12823;975;108;1
12824;975;949;2
12825;976;108;1
12826;976;949;2
12827;977;108;1
12828;977;949;2
12829;978;108;1
12830;978;949;2
12831;979;108;1
12832;979;949;2
12833;980;108;1
12834;980;949;2
12835;981;108;1
12836;981;949;2
12837;982;108;1
12838;982;949;2
12839;983;108;1
12840;983;949;2
12841;984;108;1
12842;984;949;2
12843;985;108;1
12844;985;949;2
12845;986;108;1
12846;986;949;2
12847;987;108;1
12848;987;949;2
12849;988;108;1
12850;988;949;2
12851;989;108;1
12852;989;949;2
12853;990;108;1
12854;990;949;2
12855;991;107;1
12856;992;107;1
12857;993;107;1
12858;994;107;1
12859;995;107;1
12860;996;107;1
12861;997;107;1
12862;998;107;1
12863;999;107;1
12864;1000;107;1
12865;1001;107;1
12866;1002;107;1
12867;1003;107;1
12868;1004;107;1
12869;1005;107;1
12870;1006;107;1
12871;1006;992;2
12872;1007;107;1
12873;1007;992;2
12874;1008;107;1
12875;1008;998;2
12876;1009;107;1
12877;1009;998;2
12878;1010;107;1
12879;1010;998;2
12880;1011;107;1
12881;1011;1002;2
12882;1012;107;1
12883;1012;1002;2
12884;1013;107;1
12885;1013;1002;2
12886;1014;107;1
12887;1014;1002;2
12888;1015;107;1
12889;1015;1003;2
12890;1016;107;1
12891;1016;1003;2
12892;1017;107;1
12893;1017;1003;2
12894;1018;107;1
12895;1018;1003;2
12896;1019;107;1
12897;1019;1004;2
12898;1020;107;1
12899;1020;1004;2
12900;1021;107;1
12901;1021;1004;2
12902;1022;107;1
12903;1022;1005;2
12904;1023;107;1
12905;1023;1005;2
12906;1024;107;1
12907;1024;1005;2
12908;1025;107;1
12909;1025;1005;2
12910;1026;107;1
12911;1026;1005;2
12912;1027;107;1
12913;1027;1005;2
12914;1028;107;1
12915;1028;1005;2
12916;1029;107;1
12917;1029;1005;2
12918;1030;107;1
12919;1030;1005;2
12920;1031;112;1
12921;1032;112;1
12922;1033;112;1
12923;1034;112;1
12924;1035;112;1
12925;1036;112;1
12926;1037;112;1
12927;1038;112;1
12928;1039;112;1
12929;1040;112;1
12930;1041;112;1
12931;1042;112;1
12932;1043;112;1
12933;1044;112;1
12934;1045;112;1
12935;1046;112;1
12936;1047;112;1
12937;1048;112;1
12938;1048;1031;2
12939;1049;112;1
12940;1049;1031;2
12941;1050;112;1
12942;1050;1031;2
12943;1051;112;1
12944;1051;1031;2
12945;1052;112;1
12946;1052;1031;2
12947;1053;112;1
12948;1053;1031;2
12949;1054;112;1
12950;1054;1032;2
12951;1055;112;1
12952;1055;1032;2
12953;1056;112;1
12954;1056;1032;2
12955;1057;112;1
12956;1057;1032;2
12957;1058;112;1
12958;1058;1032;2
12959;1059;112;1
12960;1059;1034;2
12961;1060;112;1
12962;1060;1034;2
12963;1061;112;1
12964;1061;1034;2
12965;1062;112;1
12966;1062;1034;2
12967;1063;112;1
12968;1063;1034;2
12969;1064;112;1
12970;1064;1034;2
12971;1065;112;1
12972;1065;1034;2
12973;1066;112;1
12974;1066;1034;2
12975;1067;112;1
12976;1067;1035;2
12977;1068;112;1
12978;1068;1036;2
12979;1069;112;1
12980;1069;1036;2
12981;1070;112;1
12982;1070;1036;2
12983;1071;112;1
12984;1071;1036;2
12985;1072;112;1
12986;1072;1036;2
12987;1073;112;1
12988;1073;1036;2
12989;1074;112;1
12990;1074;1036;2
12991;1075;112;1
12992;1075;1036;2
12993;1076;112;1
12994;1076;1037;2
12995;1077;112;1
12996;1077;1037;2
12997;1078;112;1
12998;1078;1037;2
12999;1079;112;1
13000;1079;1037;2
13001;1080;112;1
13002;1080;1038;2
13003;1081;112;1
13004;1081;1038;2
13005;1082;112;1
13006;1082;1038;2
13007;1083;112;1
13008;1083;1038;2
13009;1084;112;1
13010;1084;1038;2
13011;1085;112;1
13012;1085;1039;2
13013;1086;112;1
13014;1086;1039;2
13015;1087;112;1
13016;1087;1039;2
13017;1088;112;1
13018;1088;1039;2
13019;1089;112;1
13020;1089;1039;2
13021;1090;112;1
13022;1090;1039;2
13023;1091;112;1
13024;1091;1040;2
13025;1092;112;1
13026;1092;1040;2
13027;1093;112;1
13028;1093;1040;2
13029;1094;112;1
13030;1094;1041;2
13031;1095;112;1
13032;1095;1041;2
13033;1096;112;1
13034;1096;1041;2
13035;1097;112;1
13036;1097;1041;2
13037;1098;112;1
13038;1098;1042;2
13039;1099;112;1
13040;1099;1042;2
13041;1100;112;1
13042;1100;1042;2
13043;1101;112;1
13044;1101;1042;2
13045;1102;112;1
13046;1102;1042;2
13047;1103;112;1
13048;1103;1042;2
13049;1104;112;1
13050;1104;1042;2
13051;1105;112;1
13052;1105;1042;2
13053;1106;112;1
13054;1106;1042;2
13055;1107;112;1
13056;1107;1042;2
13057;1108;112;1
13058;1108;1042;2
13059;1109;112;1
13060;1109;1042;2
13061;1109;1099;3
13062;1110;112;1
13063;1110;1042;2
13064;1110;1099;3
13065;1111;112;1
13066;1111;1042;2
13067;1111;1099;3
13068;1112;112;1
13069;1112;1044;2
13070;1113;112;1
13071;1113;1044;2
13072;1114;112;1
13073;1114;1044;2
13074;1115;112;1
13075;1115;1044;2
13076;1116;112;1
13077;1116;1044;2
13078;1117;112;1
13079;1117;1045;2
13080;1118;112;1
13081;1118;1045;2
13082;1119;112;1
13083;1119;1045;2
13084;1120;112;1
13085;1120;1045;2
13086;1121;112;1
13087;1121;1045;2
13088;1122;112;1
13089;1122;1045;2
13090;1123;112;1
13091;1123;1045;2
13092;1124;112;1
13093;1124;1046;2
13094;1125;112;1
13095;1125;1047;2
13096;1126;112;1
13097;1126;1047;2
13098;1127;112;1
13099;1127;1047;2
13100;1128;112;1
13101;1128;1047;2
13102;1129;112;1
13103;1129;1047;2
13104;1130;112;1
13105;1130;1047;2
13106;1131;109;1
13107;1132;109;1
13108;1133;109;1
13109;1134;109;1
13110;1135;109;1
13111;1136;109;1
13112;1136;1131;2
13113;1137;109;1
13114;1137;1131;2
13115;1138;109;1
13116;1138;1131;2
13117;1139;109;1
13118;1139;1131;2
13119;1140;109;1
13120;1140;1131;2
13121;1141;109;1
13122;1141;1131;2
13123;1142;109;1
13124;1142;1131;2
13125;1143;109;1
13126;1143;1131;2
13127;1144;109;1
13128;1144;1133;2
13129;1145;109;1
13130;1145;1133;2
13131;1146;109;1
13132;1146;1133;2
13133;1147;109;1
13134;1147;1134;2
13135;1148;109;1
13136;1148;1134;2
13137;1149;109;1
13138;1149;1134;2
13139;1150;109;1
13140;1150;1134;2
13141;1151;87;1
13142;1151;117;2
13143;1152;87;1
13144;1153;102;1
13145;1153;912;2
13146;1155;104;1
13147;1155;379;2
13148;1156;104;1
13149;1156;381;2
13150;1157;104;1
13151;1157;381;2
13152;1158;104;1
13153;1158;379;2
13154;1159;104;1
13155;1159;379;2
13156;1160;104;1
13157;1161;104;1
13158;1161;1160;2
13159;1162;104;1
13160;1162;1160;2
13161;1163;104;1
13162;1164;104;1
13163;1164;1163;2
13164;1165;104;1
13165;1165;1163;2
13166;1166;104;1
13167;1166;1163;2
13168;1167;104;1
13169;1167;1163;2
13170;1168;104;1
13171;1168;1163;2
13172;1169;104;1
13173;1170;104;1
13174;1170;1169;2
13175;1171;104;1
13176;1171;1169;2
13177;1172;104;1
13178;1172;1169;2
13179;1173;104;1
13180;1173;1169;2
13181;1174;104;1
13182;1175;104;1
13183;1175;1174;2
13184;1176;104;1
13185;1176;1174;2
13186;1177;104;1
13187;1177;1174;2
13188;1178;104;1
13189;1178;1174;2
13190;1179;104;1
13191;1180;104;1
13192;1180;1179;2
13193;1181;104;1
13194;1181;1179;2
13195;1182;104;1
13196;1182;1179;2
13197;1183;104;1
13198;1183;1179;2
13199;1184;104;1
13200;1184;1179;2
13201;1185;104;1
13202;1186;104;1
13203;1186;1185;2
13204;1187;104;1
13205;1187;1185;2
13206;1188;104;1
13207;1188;1185;2
13208;1189;102;1
13209;1189;912;2
13210;1190;102;1
13211;1190;912;2
13212;1191;102;1
13213;1191;912;2
13214;1192;102;1
13215;1192;912;2
13216;1193;104;1
13217;1193;382;2
13218;1194;104;1
13219;1195;104;1
13220;1195;1194;2
13221;1196;104;1
13222;1196;1194;2
13223;1197;104;1
13224;1197;1194;2
13225;1198;102;1
13226;1198;916;2
13227;1199;102;1
13228;1199;916;2
13229;1200;102;1
13230;1200;916;2
13231;1201;104;1
13232;1201;380;2
13233;1202;104;1
13234;1202;380;2
13235;1203;104;1
13236;1203;380;2
13237;1204;104;1
13238;1204;380;2
13239;1204;1203;3
13240;1205;104;1
13241;1205;380;2
13242;1205;1203;3
13243;1206;104;1
13244;1206;380;2
13245;1206;1203;3
13246;1207;104;1
13247;1207;380;2
13248;1207;1203;3
13249;1208;104;1
13250;1208;380;2
13251;1209;104;1
13252;1209;380;2
13253;1209;1208;3
13254;1210;104;1
13255;1210;380;2
13256;1210;1208;3
13257;1211;104;1
13258;1211;380;2
13259;1211;1208;3
13260;1212;104;1
13261;1212;380;2
13262;1212;1208;3
13263;1213;104;1
13264;1213;380;2
13265;1213;1208;3
13266;1214;104;1
13267;1214;380;2
13268;1214;1208;3
13269;1215;104;1
13270;1215;380;2
13271;1215;1208;3
13272;1216;104;1
13273;1216;380;2
13274;1217;104;1
13275;1217;380;2
13276;1218;104;1
13277;1218;380;2
13278;1219;104;1
13279;1219;380;2
13280;1220;104;1
13281;1220;380;2
13282;1221;104;1
13283;1221;380;2
13284;1222;104;1
13285;1222;380;2
13286;1223;105;1
13287;1224;105;1
13288;1225;105;1
13289;1226;105;1
13290;1227;105;1
13291;1228;105;1
13292;1229;105;1
13293;1230;105;1
13294;1231;105;1
13295;1232;105;1
13296;1233;105;1
13297;1234;105;1
13298;1235;105;1
13299;1236;105;1
13300;1237;105;1
13301;1238;105;1
13302;1239;105;1
13303;1240;105;1
13304;1241;105;1
13305;1241;1224;2
13306;1242;105;1
13307;1242;1224;2
13308;1243;105;1
13309;1243;1224;2
13310;1244;105;1
13311;1244;1224;2
13312;1245;105;1
13313;1245;1224;2
13314;1246;105;1
13315;1246;1224;2
13316;1247;105;1
13317;1247;1224;2
13318;1248;105;1
13319;1248;1224;2
13320;1249;105;1
13321;1249;1224;2
13322;1250;105;1
13323;1250;1224;2
13324;1251;105;1
13325;1251;1224;2
13326;1252;105;1
13327;1252;1224;2
13328;1253;105;1
13329;1253;1224;2
13330;1254;105;1
13331;1254;1224;2
13332;1255;105;1
13333;1255;1224;2
13334;1256;105;1
13335;1256;1224;2
13336;1257;105;1
13337;1257;1224;2
13338;1258;105;1
13339;1258;1224;2
13340;1259;105;1
13341;1259;1225;2
13342;1260;105;1
13343;1260;1225;2
13344;1261;105;1
13345;1261;1225;2
13346;1262;105;1
13347;1262;1225;2
13348;1263;105;1
13349;1263;1225;2
13350;1264;105;1
13351;1264;1225;2
13352;1265;105;1
13353;1265;1225;2
13354;1270;87;1
13355;1272;87;1
13356;1272;116;2
13357;1273;100;1
13358;1274;100;1
13359;1274;1273;2
13360;1275;100;1
13361;1275;1273;2
13362;1276;100;1
13363;1276;1273;2
13364;1277;1266;1
13365;1278;1266;1
13366;1279;1266;1
13367;1280;1266;1
13368;1281;1266;1
13369;1282;1266;1
13370;1283;1266;1
13371;1284;1266;1
13372;1285;1266;1
13373;1286;1266;1
13374;1287;1266;1
13375;1288;1266;1
13376;1289;1266;1
13377;1290;1266;1
13378;1291;1266;1
13379;1292;1266;1
13380;1293;1266;1
13381;1294;1266;1
13382;1294;1277;2
13383;1295;1266;1
13384;1295;1277;2
13385;1296;1266;1
13386;1296;1277;2
13387;1297;1266;1
13388;1297;1279;2
13389;1298;1266;1
13390;1298;1279;2
13391;1299;1266;1
13392;1299;1279;2
13393;1300;1266;1
13394;1300;1279;2
13395;1301;1266;1
13396;1301;1280;2
13397;1302;1266;1
13398;1302;1280;2
13399;1303;1266;1
13400;1303;1280;2
13401;1303;1301;3
13402;1304;1266;1
13403;1304;1282;2
13404;1305;1266;1
13405;1305;1282;2
13406;1306;1266;1
13407;1306;1282;2
13408;1307;1266;1
13409;1307;1282;2
13410;1308;1266;1
13411;1308;1282;2
13412;1309;1266;1
13413;1309;1282;2
13414;1310;1266;1
13415;1310;1282;2
13416;1311;1266;1
13417;1311;1282;2
13418;1312;1266;1
13419;1312;1284;2
13420;1313;1266;1
13421;1313;1288;2
13422;1314;1266;1
13423;1314;1288;2
13424;1315;1266;1
13425;1315;1288;2
13426;1316;1266;1
13427;1316;1288;2
13428;1317;1266;1
13429;1317;1288;2
13430;1318;1266;1
13431;1318;1288;2
13432;1319;1266;1
13433;1319;1288;2
13434;1320;1266;1
13435;1320;1290;2
13436;1321;1266;1
13437;1321;1292;2
13438;1322;1266;1
13439;1322;1292;2
13440;1323;1266;1
13441;1323;1292;2
13442;1324;1266;1
13443;1324;1292;2
13444;1325;1266;1
13445;1325;1292;2
13446;1326;106;1
13447;1326;205;2
13448;1327;106;1
13449;1327;214;2
13450;1327;263;3
13451;1328;106;1
13452;1328;214;2
13453;1328;263;3
13454;1329;106;1
13455;1329;214;2
13456;1329;263;3
13457;1330;106;1
13458;1330;214;2
13459;1330;263;3
13460;1331;106;1
13461;1331;214;2
13462;1331;263;3
13463;1332;106;1
13464;1332;214;2
13465;1332;263;3
13466;1333;106;1
13467;1333;214;2
13468;1333;263;3
13469;1334;106;1
13470;1334;214;2
13471;1334;263;3
13472;1335;106;1
13473;1335;214;2
13474;1335;263;3
13475;1336;106;1
13476;1336;214;2
13477;1336;263;3
13478;1337;106;1
13479;1337;214;2
13480;1337;263;3
13481;1338;106;1
13482;1338;214;2
13483;1338;263;3
13484;1339;106;1
13485;1339;214;2
13486;1339;263;3
13487;1340;106;1
13488;1340;208;2
13489;1341;106;1
13490;1341;209;2
13491;1342;87;1
13492;1343;87;1
13493;1343;1342;2
13494;1344;87;1
13495;1344;1342;2
13496;1345;87;1
13497;1345;1342;2
13498;1346;87;1
13499;1346;1342;2
13500;1347;87;1
13501;1347;122;2
13502;1348;87;1
13503;1348;123;2
13504;1349;87;1
13505;1349;123;2
13506;1350;87;1
13507;1350;1152;2
13508;1350;128;3
13509;1351;87;1
13510;1351;1152;2
13511;1351;128;3
13512;1352;87;1
13513;1352;1152;2
13514;1352;128;3
13515;1353;87;1
13516;1353;1152;2
13517;1353;128;3
13518;1354;87;1
13519;1354;1152;2
13520;1354;128;3
13521;1355;87;1
13522;1355;1152;2
13523;1355;128;3
13524;1356;114;1
13525;1356;442;2
13526;1357;114;1
13527;1357;450;2
13528;1358;114;1
13529;1358;455;2
13530;1359;114;1
13531;1359;456;2
13532;1360;114;1
13533;1360;456;2
13534;1361;105;1
13535;1361;1226;2
13536;1362;105;1
13537;1362;1226;2
13538;1363;105;1
13539;1363;1226;2
13540;1364;105;1
13541;1364;1226;2
13542;1365;105;1
13543;1365;1226;2
13544;1366;105;1
13545;1366;1226;2
13546;1367;105;1
13547;1367;1226;2
13548;1368;105;1
13549;1368;1226;2
13550;1369;105;1
13551;1369;1226;2
13552;1370;105;1
13553;1370;1226;2
13554;1371;105;1
13555;1371;1226;2
13556;1372;105;1
13557;1372;1226;2
13558;1373;105;1
13559;1373;1226;2
13560;1374;105;1
13561;1374;1226;2
13562;1375;105;1
13563;1375;1226;2
13564;1376;105;1
13565;1376;1227;2
13566;1377;105;1
13567;1377;1227;2
13568;1378;105;1
13569;1378;1227;2
13570;1379;105;1
13571;1379;1227;2
13572;1380;105;1
13573;1380;1227;2
13574;1381;105;1
13575;1381;1227;2
13576;1382;105;1
13577;1382;1227;2
13578;1383;105;1
13579;1383;1227;2
13580;1384;105;1
13581;1384;1227;2
13582;1385;105;1
13583;1385;1227;2
13584;1386;105;1
13585;1386;1227;2
13586;1387;105;1
13587;1387;1227;2
13588;1388;105;1
13589;1388;1227;2
13590;1389;105;1
13591;1389;1227;2
13592;1390;105;1
13593;1390;1227;2
13594;1391;105;1
13595;1391;1227;2
13596;1392;105;1
13597;1392;1227;2
13598;1393;105;1
13599;1393;1227;2
13600;1394;105;1
13601;1394;1227;2
13602;1395;105;1
13603;1395;1228;2
13604;1396;105;1
13605;1396;1228;2
13606;1397;105;1
13607;1397;1228;2
13608;1398;105;1
13609;1398;1228;2
13610;1399;105;1
13611;1399;1228;2
13612;1400;105;1
13613;1400;1228;2
13614;1401;105;1
13615;1401;1228;2
13616;1402;105;1
13617;1402;1228;2
13618;1403;105;1
13619;1403;1228;2
13620;1404;105;1
13621;1404;1230;2
13622;1405;105;1
13623;1405;1230;2
13624;1406;105;1
13625;1406;1230;2
13626;1407;105;1
13627;1407;1230;2
13628;1408;105;1
13629;1408;1230;2
13630;1409;105;1
13631;1409;1230;2
13632;1410;105;1
13633;1410;1230;2
13634;1411;105;1
13635;1411;1230;2
13636;1412;105;1
13637;1412;1230;2
13638;1413;105;1
13639;1413;1230;2
13640;1414;105;1
13641;1414;1230;2
13642;1415;105;1
13643;1415;1231;2
13644;1416;105;1
13645;1416;1231;2
13646;1417;105;1
13647;1417;1231;2
13648;1418;105;1
13649;1418;1231;2
13650;1419;105;1
13651;1419;1231;2
13652;1420;105;1
13653;1420;1232;2
13654;1421;105;1
13655;1421;1232;2
13656;1422;105;1
13657;1422;1232;2
13658;1423;105;1
13659;1423;1232;2
13660;1424;105;1
13661;1424;1232;2
13662;1425;105;1
13663;1425;1232;2
13664;1426;105;1
13665;1426;1232;2
13666;1427;105;1
13667;1427;1233;2
13670;1429;105;1
13671;1429;1233;2
13672;1430;105;1
13673;1430;1233;2
13674;1431;105;1
13675;1431;1233;2
13676;1432;105;1
13677;1432;1233;2
13678;1433;105;1
13679;1433;1233;2
13680;1434;105;1
13681;1434;1233;2
13682;1435;105;1
13683;1435;1233;2
13684;1436;105;1
13685;1436;1233;2
13686;1437;105;1
13687;1437;1233;2
13688;1438;105;1
13689;1438;1233;2
13690;1439;105;1
13691;1439;1233;2
13692;1440;105;1
13693;1440;1233;2
13694;1441;105;1
13695;1441;1233;2
13696;1442;105;1
13697;1442;1233;2
13698;1443;105;1
13699;1443;1233;2
13700;1444;105;1
13701;1444;1233;2
13702;1445;105;1
13703;1445;1233;2
13704;1446;105;1
13705;1446;1233;2
13706;1447;105;1
13707;1447;1233;2
13708;1448;105;1
13709;1448;1233;2
13710;1449;105;1
13711;1449;1233;2
13712;1450;105;1
13713;1450;1233;2
13714;1451;105;1
13715;1451;1233;2
13716;1452;105;1
13717;1452;1236;2
13718;1453;105;1
13719;1453;1236;2
13720;1454;105;1
13721;1454;1236;2
13722;1455;105;1
13723;1455;1236;2
13724;1456;105;1
13725;1456;1236;2
13726;1457;105;1
13727;1457;1236;2
13728;1458;105;1
13729;1458;1237;2
13730;1459;105;1
13731;1459;1237;2
13732;1460;105;1
13733;1460;1237;2
13734;1461;105;1
13735;1461;1237;2
13736;1462;105;1
13737;1462;1237;2
13738;1463;105;1
13739;1463;1237;2
13740;1464;105;1
13741;1464;1237;2
13742;1465;105;1
13743;1465;1237;2
13744;1466;105;1
13745;1466;1237;2
13746;1467;105;1
13747;1467;1237;2
13748;1467;1466;3
13749;1468;105;1
13750;1468;1237;2
13751;1468;1466;3
13752;1469;105;1
13753;1469;1237;2
13754;1469;1466;3
13755;1470;105;1
13756;1470;1237;2
13757;1471;105;1
13758;1471;1238;2
13759;1472;105;1
13760;1472;1238;2
13761;1473;105;1
13762;1473;1238;2
13763;1474;105;1
13764;1474;1238;2
13765;1475;105;1
13766;1475;1238;2
13767;1476;105;1
13768;1476;1238;2
13769;1477;105;1
13770;1477;1238;2
13771;1478;105;1
13772;1478;1238;2
13773;1479;105;1
13774;1479;1238;2
13775;1480;105;1
13776;1480;1238;2
13777;1481;105;1
13778;1481;1238;2
13779;1482;105;1
13780;1482;1238;2
13781;1483;105;1
13782;1483;1238;2
13783;1484;105;1
13784;1484;1238;2
13785;1485;105;1
13786;1485;1239;2
13787;1486;105;1
13788;1486;1239;2
13789;1487;105;1
13790;1487;1239;2
13791;1488;105;1
13792;1488;1239;2
13793;1489;105;1
13794;1489;1239;2
13795;1490;105;1
13796;1490;1239;2
13797;1491;105;1
13798;1491;1240;2
13799;1492;105;1
13800;1492;1240;2
13801;1493;105;1
13802;1493;1240;2
13803;1494;105;1
13804;1494;1240;2
13805;1495;105;1
13806;1495;1240;2
13807;1496;105;1
13808;1496;1240;2
13809;1497;105;1
13810;1497;1240;2
13811;1498;105;1
13812;1498;1240;2
13813;1499;105;1
13814;1499;1240;2
13815;1500;111;1
13816;1501;111;1
13817;1501;1500;2
13818;1502;111;1
13819;1503;111;1
13820;1503;1502;2
13821;1504;101;1
13822;1505;99;1
13823;1505;586;2
13824;1506;99;1
13825;1506;586;2
13826;1507;99;1
13827;1507;586;2
13828;1508;99;1
13829;1508;586;2
13830;1509;110;1
13831;1509;658;2
13832;1510;113;1
13833;1510;716;2
13834;1511;113;1
13835;1511;726;2
13836;1512;113;1
13837;1512;726;2
13838;1513;113;1
13839;1513;726;2
13840;1514;113;1
13841;1514;726;2
13842;1515;113;1
13843;1515;726;2
13844;1516;113;1
13845;1516;730;2
13846;1517;113;1
13847;1517;730;2
13848;1518;113;1
13849;1518;730;2
13850;1519;113;1
13851;1519;730;2
13852;1520;113;1
13853;1520;730;2
13854;1521;113;1
13855;1521;730;2
13856;1522;113;1
13857;1522;731;2
13858;1523;113;1
13859;1523;731;2
13860;1524;113;1
13861;1524;736;2
13862;1525;113;1
13863;1525;736;2
13864;1526;103;1
13865;1526;828;2
13866;1527;103;1
13867;1527;831;2
13868;1528;103;1
13869;1528;833;2
13870;1529;111;1
13871;1530;111;1
13872;1530;1529;2
13873;1531;111;1
13874;1532;111;1
13875;1533;111;1
13876;1534;111;1
13877;1535;111;1
13878;1536;111;1
13879;1537;111;1
13880;1538;111;1
13881;1539;111;1
13882;1539;1538;2
13883;1540;111;1
13884;1540;1538;2
13885;1541;111;1
13886;1542;111;1
13887;1543;111;1
13888;1544;111;1
13889;1545;111;1
13890;1546;111;1
13891;1547;111;1
13892;1548;111;1
13893;1549;111;1
13894;1549;1548;2
13895;1550;111;1
13896;1550;1548;2
13897;1551;111;1
13898;1551;1548;2
13899;1552;111;1
13900;1552;1548;2
13901;1553;111;1
13902;1553;1548;2
13903;1554;111;1
13904;1554;1548;2
13905;1555;111;1
13906;1555;1548;2
13907;1556;111;1
13908;1556;1548;2
13909;1557;111;1
13910;1557;1548;2
13911;1558;111;1
13912;1559;111;1
13913;1560;111;1
13914;1561;111;1
13915;1561;1560;2
13916;1562;111;1
13917;1562;1560;2
13918;1563;111;1
13919;1563;1560;2
13920;1564;111;1
13921;1564;1560;2
13922;1565;111;1
13923;1565;1560;2
13924;1566;111;1
13925;1566;1560;2
13926;1567;111;1
13927;1567;1560;2
13928;1568;111;1
13929;1568;1560;2
13930;1569;111;1
13931;1570;111;1
13932;1570;1569;2
13933;1571;111;1
13934;1571;1569;2
13935;1572;111;1
13936;1572;1569;2
13937;1573;111;1
13938;1574;111;1
13939;1574;1573;2
13940;1575;111;1
13941;1575;1573;2
13942;1576;111;1
13943;1576;1573;2
13944;1577;111;1
13945;1577;1573;2
13946;1578;111;1
13947;1578;1573;2
13948;1579;111;1
13949;1579;1573;2
13950;1580;111;1
13951;1580;1573;2
13952;1581;111;1
13953;1581;1573;2
13954;1582;111;1
13955;1582;1573;2
13956;1583;111;1
13957;1583;1573;2
13958;1584;111;1
13959;1584;1573;2
13960;1585;111;1
13961;1585;1573;2
13962;1586;108;1
13963;1587;108;1
13964;1587;948;2
13965;1588;108;1
13966;1588;1586;2
13967;1589;108;1
13968;1589;1586;2
13969;1590;108;1
13970;1590;1586;2
13971;1591;108;1
13972;1591;1586;2
13973;1592;108;1
13974;1592;1586;2
13975;1593;108;1
13976;1593;1586;2
13977;1594;108;1
13978;1594;1586;2
13979;1595;109;1
13980;1595;1134;2
13981;1596;102;1
13982;1597;102;1
13983;1597;914;2
13984;1598;102;1
13985;1598;914;2
13986;1599;102;1
13987;1600;111;1
13988;1601;111;1
13989;1602;111;1
13990;1603;111;1
13991;1604;100;1
13992;1604;324;2
13993;1605;104;1
13994;1605;380;2
13995;1606;104;1
13996;1606;380;2
13997;1607;104;1
13998;1607;380;2
13999;1608;104;1
14000;1608;380;2
14001;1609;104;1
14002;1609;380;2
14003;1612;104;1
14004;1612;382;2
14005;1612;431;3
14006;1613;104;1
14007;1613;382;2
14008;1613;431;3
14009;1614;107;1
14010;1615;107;1
14011;1615;1004;2
14012;1616;107;1
14013;1616;1005;2
14014;1617;113;1
14015;1617;712;2
14016;1618;115;1
14017;1619;115;1
14018;1620;115;1
14019;1620;1619;2
14020;1621;115;1
14021;1621;1619;2
14022;1622;115;1
14023;1623;115;1
14024;1623;1622;2
14025;1624;115;1
14026;1624;1622;2
14027;1625;115;1
14028;1625;1622;2
14029;1626;115;1
14030;1626;1622;2
14031;1627;115;1
14032;1628;115;1
14033;1629;115;1
14034;1630;115;1
14035;1630;1629;2
14036;1631;115;1
14037;1631;1629;2
14038;1632;115;1
14039;1633;1269;1
14040;1634;1269;1
14041;1635;1269;1
14042;1635;1634;2
14043;1636;1269;1
14044;1636;1634;2
14045;1637;1269;1
14046;1637;1634;2
14047;1638;1269;1
14048;1638;1634;2
14049;1639;1269;1
14050;1639;1634;2
14051;1640;1269;1
14052;1641;1269;1
14053;1641;1640;2
14054;1642;1269;1
14055;1642;1640;2
14056;1643;1269;1
14057;1643;1640;2
14058;1644;1269;1
14059;1644;1640;2
14060;1645;114;1
14061;1645;450;2
14062;1646;99;1
14063;1646;586;2
14064;1647;99;1
14065;1647;586;2
14066;1648;111;1
14067;1648;1502;2
14068;1649;111;1
14069;1649;1569;2
14070;1650;103;1
14071;1650;821;2
14072;1651;113;1
14073;1652;111;1
14074;1655;103;1
14075;1655;827;2
14080;1428;105;1
14081;1428;1233;2
11261;116;87;1
11262;117;87;1
11263;118;87;1
11264;118;117;2
11265;119;87;1
11266;121;87;1
11267;122;87;1
11268;123;87;1
11269;124;87;1
11270;124;1152;2
11271;125;87;1
11272;127;87;1
11273;128;87;1
11274;128;1152;2
11275;129;87;1
11276;129;116;2
11277;130;87;1
11278;130;116;2
11279;131;87;1
11280;131;116;2
11281;132;87;1
11282;132;116;2
11283;133;87;1
11284;133;116;2
11285;134;87;1
11286;134;116;2
11287;135;87;1
11288;135;119;2
11289;136;87;1
11290;136;119;2
11291;137;87;1
11292;137;119;2
11293;138;87;1
11294;138;119;2
11295;139;87;1
11296;139;119;2
11297;140;87;1
11298;140;119;2
11299;141;87;1
11300;141;119;2
11301;142;87;1
11302;142;119;2
11303;143;87;1
11304;143;119;2
11305;144;87;1
11306;144;119;2
11307;145;87;1
11308;145;119;2
11309;146;87;1
11310;146;119;2
11311;147;87;1
11312;147;119;2
11313;148;87;1
11314;148;119;2
11315;149;87;1
11316;149;119;2
11317;150;87;1
11318;150;119;2
11319;151;87;1
11320;151;122;2
11321;152;87;1
11322;152;121;2
11323;153;87;1
11324;153;121;2
11325;154;87;1
11326;154;122;2
11327;155;87;1
11328;155;122;2
11329;156;87;1
11330;156;122;2
11331;157;87;1
11332;157;122;2
11333;158;87;1
11334;158;122;2
11335;159;87;1
11336;159;122;2
11337;160;87;1
11338;160;122;2
